{"cameraMode":{"drawMode":0,"name":"Shaded","section":"Shading Mode"},"sceneLighting":true,"audioPlay":false,"sceneViewState":{"m_AlwaysRefresh":false,"showFog":true,"showSkybox":true,"showFlares":true,"showImageEffects":true,"showParticleSystems":true,"showVisualEffectGraphs":true,"m_FxEnabled":true},"in2DMode":false,"pivot":{"x":0.33063286542892458,"y":1.4108059406280518,"z":-4.610162258148193},"rotation":{"x":-0.036318618804216388,"y":0.7692391872406006,"z":-0.043892160058021548,"w":-0.636438250541687},"size":8.455973625183106,"orthographic":false}