{"cameraMode":{"drawMode":0,"name":"Shaded","section":"Shading Mode"},"sceneLighting":true,"audioPlay":false,"sceneViewState":{"m_AlwaysRefresh":false,"showFog":true,"showSkybox":true,"showFlares":true,"showImageEffects":true,"showParticleSystems":true,"showVisualEffectGraphs":true,"m_FxEnabled":true},"in2DMode":false,"pivot":{"x":-0.7181189060211182,"y":1.9268354177474976,"z":-10.895658493041993},"rotation":{"x":0.00012685314868576825,"y":0.9995927810668945,"z":0.004498135764151812,"w":-0.028199700638651849},"size":11.404033660888672,"orthographic":false}